ITEM NAME								COMPANY					LOCATION					CONTACT
Back Light for Electric Rickshaw		Nanya Airconn Pvt. Ltd		New Delhi		9811418430
Automobile Head Lamps		Gensys Pre Fab Builders		New Delhi		8048077910
Industrial Indicator Lights		Indus Control And Automation Pvt Ltd		Bengaluru		8447574099
Automotive Tail Lights		Apolo Industrial Corporation, India		New Delhi		9953353232
Automotive Disco Light		Motorlamp Auto Electricals Pvt. Ltd.		Delhi		8376809514
Led Car & Bike Lights		Gem's Enterprises		Pune		8376806480
Head Lamp		Rain Wipe Agencies		Delhi		8447502614
22 SMD Roof Light		Elite Industries (India)		Delhi		8048410773
Flashing Lights		Instac Inc.		Bengaluru		9953357500
Head Lamp		Safe Kraft		Noida		8586924136
Panel Light for Truck		Omm Electrical Corporation		Chennai		7053136756
Mahindra Tractor Side Lamp		Amar Plastic (india)		Delhi		8377801411
Car Day Time Running Light		Jupiter International, Mumbai		Mumbai		8373902807
Railway Engine Light		Pyrotech Electronics Private Limited		Udaipur		9953364248
Automobile Light Reflector		R. K. Udyog		Delhi		8373903124
RP30 Light		JB Industries		New Delhi		8048078363
Work Lamp Ractangular		Autonext Industries		Delhi		9953358570
Automotive Light		S.G.S. Industriels		Karur		8447496363
White Headlamp Bulb		Eminence Auto Pvt Ltd.		New Delhi		8048078548
Havells Indicator Lights		Techzone Solution		Delhi		8586974880
Automotive Lamps of Truck & Trailers		M/s Synotex Industries		Delhi		8376807730
GTP Automobile LED Lights		KV Enterprises		Coimbatore		8377806188
Vehicle Lights		Third Space		Coimbatore		8376807028
Backlights		V. S. Automation Private Limited		Pune		8373905360
Number Plate Light		Aggarwal Auto Industries		Faridabad		8377803446
Kiran Light		The Auto Supply		Delhi		8048021844
Turkey Tail Light Red		Junaid Industries		Mumbai		8046050560
Lighting Assembly		Chiranjivee Products		Coimbatore		8588873207
